timesteps,modified_simple_model_example.is_valid[N/A],modified_simple_model_example.energy_usage[Sm3/cd],modified_simple_model_example.energy_usage_cumulative[Sm3 (cd)],modified_simple_model_example.power[MW (sd)],modified_simple_model_example.power_cumulative[GWh (cd)],modified_simple_model_example.co2.rate[t/cd],modified_simple_model_example.co2.cumulative[t (cd)],modified_simple_model_example.hydrocarbon_export_rate[Sm3/cd],modified_simple_model_example.power_electrical[MW (sd)],modified_simple_model_example.power_electrical_cumulative[GWh (cd)],modified_simple_model_example.power_mechanical[MW (sd)],modified_simple_model_example.power_mechanical_cumulative[GWh (cd)],Installation A.is_valid[N/A],Installation A.energy_usage[Sm3/cd],Installation A.energy_usage_cumulative[Sm3 (cd)],Installation A.power[MW (sd)],Installation A.power_cumulative[GWh (cd)],Installation A.co2.rate[t/cd],Installation A.co2.cumulative[t (cd)],Installation A.hydrocarbon_export_rate[Sm3/cd],Installation A.power_electrical[MW (sd)],Installation A.power_electrical_cumulative[GWh (cd)],Installation A.power_mechanical[MW (sd)],Installation A.power_mechanical_cumulative[GWh (cd)],Installation A.regularity[N/A],Generator set A.is_valid[N/A],Generator set A.energy_usage[Sm3/cd],Generator set A.energy_usage_cumulative[Sm3 (cd)],Generator set A.power[MW (sd)],Generator set A.power_cumulative[GWh (cd)],Generator set A.co2.rate[t/cd],Generator set A.co2.cumulative[t (cd)],Generator set A.power_capacity_margin[MW (sd)],Gas injection compressor.is_valid[N/A],Gas injection compressor.energy_usage[MW (sd)],Gas injection compressor.energy_usage_cumulative[MWd (cd)],Gas injection compressor.power[MW (sd)],Gas injection compressor.power_cumulative[GWh (cd)],Gas injection compressor.recirculation_loss[MW (sd)],Gas injection compressor.rate_exceeds_maximum[N/A],Produced water reinjection pump.is_valid[N/A],Produced water reinjection pump.energy_usage[MW (sd)],Produced water reinjection pump.energy_usage_cumulative[MWd (cd)],Produced water reinjection pump.power[MW (sd)],Produced water reinjection pump.power_cumulative[GWh (cd)],Produced water reinjection pump.inlet_liquid_rate_m3_per_day[Sm3/sd],Produced water reinjection pump.inlet_pressure_bar[bara],Produced water reinjection pump.outlet_pressure_bar[bara],Produced water reinjection pump.operational_head[J/kg],Base production load.is_valid[N/A],Base production load.energy_usage[MW (sd)],Base production load.energy_usage_cumulative[MWd (cd)],Base production load.power[MW (sd)],Base production load.power_cumulative[GWh (cd)],Flare.is_valid[N/A],Flare.energy_usage[Sm3/cd],Flare.energy_usage_cumulative[Sm3 (cd)],Flare.co2.rate[t/cd],Flare.co2.cumulative[t (cd)],Sea water injection pump.is_valid[N/A],Sea water injection pump.energy_usage[MW (sd)],Sea water injection pump.energy_usage_cumulative[MWd (cd)],Sea water injection pump.power[MW (sd)],Sea water injection pump.power_cumulative[GWh (cd)]
2015-01-01 01:00:00,1,        112090.00000,       3474790.00000,            15.90000,            11.82960,           245.47710,          7609.79000,         20000.00000,            15.90000,            11.82960,             0.00000,             0.00000,1,        112090.00000,       3474790.00000,            15.90000,            11.82960,           245.47710,          7609.79000,         20000.00000,            15.90000,            11.82960,             0.00000,             0.00000,             1.00000,1,        105090.00000,       3257790.00000,            15.90000,            11.82960,           230.14710,          7134.56000,            84.10000,1,             4.10000,           127.10000,             4.10000,             3.05040,             0.00000,0,1,             0.00000,             0.00000,             0.00000,             0.00000,             0.00000,            10.00000,           200.00000,         18811.88000,1,            11.80000,           365.80000,            11.80000,             8.77920,1,          7000.00000,        217000.00000,            15.33000,           475.23000,1,             0.00000,             0.00000,             0.00000,             0.00000
2015-02-01 01:00:00,1,        112090.00000,       6608640.00000,            15.90000,            22.49850,           245.47710,         14472.92000,         20000.00000,            15.90000,            22.49850,             0.00000,             0.00000,1,        112090.00000,       6608640.00000,            15.90000,            22.49850,           245.47710,         14472.92000,         20000.00000,            15.90000,            22.49850,             0.00000,             0.00000,             1.00000,1,        105090.00000,       6195931.00000,            15.90000,            22.49850,           230.14710,         13569.09000,            84.10000,1,             4.10000,           241.72920,             4.10000,             5.80150,             0.00000,0,1,             0.00000,             0.00000,             0.00000,             0.00000,             0.00000,            10.00000,           200.00000,         18811.88000,1,            11.80000,           695.70830,            11.80000,            16.69700,1,          7000.00000,        412708.30000,            15.33000,           903.83120,1,             0.00000,             0.00000,             0.00000,             0.00000
2015-03-01 00:00:00,1,        112090.00000,      10083430.00000,            15.90000,            34.32810,           245.47710,         22082.71000,         20000.00000,            15.90000,            34.32810,             0.00000,             0.00000,1,        112090.00000,      10083430.00000,            15.90000,            34.32810,           245.47710,         22082.71000,         20000.00000,            15.90000,            34.32810,             0.00000,             0.00000,             1.00000,1,        105090.00000,       9453721.00000,            15.90000,            34.32810,           230.14710,         20703.65000,            84.10000,1,             4.10000,           368.82920,             4.10000,             8.85190,             0.00000,0,1,             0.00000,             0.00000,             0.00000,             0.00000,             0.00000,            10.00000,           200.00000,         18811.88000,1,            11.80000,          1061.50800,            11.80000,            25.47620,1,          7000.00000,        629708.30000,            15.33000,          1379.06100,1,             0.00000,             0.00000,             0.00000,             0.00000
2015-04-01 00:00:00,1,        112090.00000,      13446130.00000,            15.90000,            45.77610,           245.47710,         29447.02000,         20000.00000,            15.90000,            45.77610,             0.00000,             0.00000,1,        112090.00000,      13446130.00000,            15.90000,            45.77610,           245.47710,         29447.02000,         20000.00000,            15.90000,            45.77610,             0.00000,             0.00000,             1.00000,1,        105090.00000,      12606421.00000,            15.90000,            45.77610,           230.14710,         27608.06000,            84.10000,1,             4.10000,           491.82920,             4.10000,            11.80390,             0.00000,0,1,             0.00000,             0.00000,             0.00000,             0.00000,             0.00000,            10.00000,           200.00000,         18811.88000,1,            11.80000,          1415.50800,            11.80000,            33.97220,1,          7000.00000,        839708.30000,            15.33000,          1838.96100,1,             0.00000,             0.00000,             0.00000,             0.00000
2015-05-01 00:00:00,1,        112090.00000,      16920920.00000,            15.90000,            57.60570,           245.47710,         37056.81000,         20000.00000,            15.90000,            57.60570,             0.00000,             0.00000,1,        112090.00000,      16920920.00000,            15.90000,            57.60570,           245.47710,         37056.81000,         20000.00000,            15.90000,            57.60570,             0.00000,             0.00000,             1.00000,1,        105090.00000,      15864211.00000,            15.90000,            57.60570,           230.14710,         34742.62000,            84.10000,1,             4.10000,           618.92920,             4.10000,            14.85430,             0.00000,0,1,             0.00000,             0.00000,             0.00000,             0.00000,             0.00000,            10.00000,           200.00000,         18811.88000,1,            11.80000,          1781.30800,            11.80000,            42.75140,1,          7000.00000,       1056708.00000,            15.33000,          2314.19100,1,             0.00000,             0.00000,             0.00000,             0.00000
2015-06-01 00:00:00,1,        112090.00000,      20283620.00000,            15.90000,            69.05370,           245.47710,         44421.13000,         20000.00000,            15.90000,            69.05370,             0.00000,             0.00000,1,        112090.00000,      20283620.00000,            15.90000,            69.05370,           245.47710,         44421.13000,         20000.00000,            15.90000,            69.05370,             0.00000,             0.00000,             1.00000,1,        105090.00000,      19016911.00000,            15.90000,            69.05370,           230.14710,         41647.04000,            84.10000,1,             4.10000,           741.92920,             4.10000,            17.80630,             0.00000,0,1,             0.00000,             0.00000,             0.00000,             0.00000,             0.00000,            10.00000,           200.00000,         18811.88000,1,            11.80000,          2135.30800,            11.80000,            51.24740,1,          7000.00000,       1266708.00000,            15.33000,          2774.09100,1,             0.00000,             0.00000,             0.00000,             0.00000
2015-07-01 00:00:00,1,        112090.00000,      23758410.00000,            15.90000,            80.88330,           245.47710,         52030.92000,         20000.00000,            15.90000,            80.88330,             0.00000,             0.00000,1,        112090.00000,      23758410.00000,            15.90000,            80.88330,           245.47710,         52030.92000,         20000.00000,            15.90000,            80.88330,             0.00000,             0.00000,             1.00000,1,        105090.00000,      22274701.00000,            15.90000,            80.88330,           230.14710,         48781.60000,            84.10000,1,             4.10000,           869.02920,             4.10000,            20.85670,             0.00000,0,1,             0.00000,             0.00000,             0.00000,             0.00000,             0.00000,            10.00000,           200.00000,         18811.88000,1,            11.80000,          2501.10800,            11.80000,            60.02660,1,          7000.00000,       1483708.00000,            15.33000,          3249.32100,1,             0.00000,             0.00000,             0.00000,             0.00000
2015-08-01 00:00:00,1,        112090.00000,      27233200.00000,            15.90000,            92.71290,           245.47710,         59640.71000,         20000.00000,            15.90000,            92.71290,             0.00000,             0.00000,1,        112090.00000,      27233200.00000,            15.90000,            92.71290,           245.47710,         59640.71000,         20000.00000,            15.90000,            92.71290,             0.00000,             0.00000,             1.00000,1,        105090.00000,      25532491.00000,            15.90000,            92.71290,           230.14710,         55916.16000,            84.10000,1,             4.10000,           996.12920,             4.10000,            23.90710,             0.00000,0,1,             0.00000,             0.00000,             0.00000,             0.00000,             0.00000,            10.00000,           200.00000,         18811.88000,1,            11.80000,          2866.90800,            11.80000,            68.80580,1,          7000.00000,       1700708.00000,            15.33000,          3724.55100,1,             0.00000,             0.00000,             0.00000,             0.00000
2015-09-01 00:00:00,1,        112090.00000,      30595900.00000,            15.90000,           104.16090,           245.47710,         67005.02000,         20000.00000,            15.90000,           104.16090,             0.00000,             0.00000,1,        112090.00000,      30595900.00000,            15.90000,           104.16090,           245.47710,         67005.02000,         20000.00000,            15.90000,           104.16090,             0.00000,             0.00000,             1.00000,1,        105090.00000,      28685191.00000,            15.90000,           104.16090,           230.14710,         62820.57000,            84.10000,1,             4.10000,          1119.12900,             4.10000,            26.85910,             0.00000,0,1,             0.00000,             0.00000,             0.00000,             0.00000,             0.00000,            10.00000,           200.00000,         18811.88000,1,            11.80000,          3220.90800,            11.80000,            77.30180,1,          7000.00000,       1910708.00000,            15.33000,          4184.45100,1,             0.00000,             0.00000,             0.00000,             0.00000
2015-10-01 00:00:00,1,        112090.00000,      34075360.00000,            15.90000,           116.00640,           245.47710,         74625.04000,         20000.00000,            15.90000,           116.00640,             0.00000,             0.00000,1,        112090.00000,      34075360.00000,            15.90000,           116.00640,           245.47710,         74625.04000,         20000.00000,            15.90000,           116.00640,             0.00000,             0.00000,             1.00000,1,        105090.00000,      31947360.00000,            15.90000,           116.00640,           230.14710,         69964.72000,            84.10000,1,             4.10000,          1246.40000,             4.10000,            29.91360,             0.00000,0,1,             0.00000,             0.00000,             0.00000,             0.00000,             0.00000,            10.00000,           200.00000,         18811.88000,1,            11.80000,          3587.20000,            11.80000,            86.09280,1,          7000.00000,       2128000.00000,            15.33000,          4660.32000,1,             0.00000,             0.00000,             0.00000,             0.00000
2015-11-01 01:00:00,1,        112090.00000,      37438060.00000,            15.90000,           127.45440,           245.47710,         81989.35000,         20000.00000,            15.90000,           127.45440,             0.00000,             0.00000,1,        112090.00000,      37438060.00000,            15.90000,           127.45440,           245.47710,         81989.35000,         20000.00000,            15.90000,           127.45440,             0.00000,             0.00000,             1.00000,1,        105090.00000,      35100060.00000,            15.90000,           127.45440,           230.14710,         76869.13000,            84.10000,1,             4.10000,          1369.40000,             4.10000,            32.86560,             0.00000,0,1,             0.00000,             0.00000,             0.00000,             0.00000,             0.00000,            10.00000,           200.00000,         18811.88000,1,            11.80000,          3941.20000,            11.80000,            94.58880,1,          7000.00000,       2338000.00000,            15.33000,          5120.22000,1,             0.00000,             0.00000,             0.00000,             0.00000
2015-12-01 01:00:00,1,        112090.00000,      40912850.00000,            15.90000,           139.28400,           245.47710,         89599.14000,         20000.00000,            15.90000,           139.28400,             0.00000,             0.00000,1,        112090.00000,      40912850.00000,            15.90000,           139.28400,           245.47710,         89599.14000,         20000.00000,            15.90000,           139.28400,             0.00000,             0.00000,             1.00000,1,        105090.00000,      38357850.00000,            15.90000,           139.28400,           230.14710,         84003.69000,            84.10000,1,             4.10000,          1496.50000,             4.10000,            35.91600,             0.00000,0,1,             0.00000,             0.00000,             0.00000,             0.00000,             0.00000,            10.00000,           200.00000,         18811.88000,1,            11.80000,          4307.00000,            11.80000,           103.36800,1,          7000.00000,       2555000.00000,            15.33000,          5595.45000,1,             0.00000,             0.00000,             0.00000,             0.00000
2016-01-01 01:00:00,1,        112090.00000,      44387640.00000,            15.90000,           151.11360,           245.47710,         97208.93000,         20000.00000,            15.90000,           151.11360,             0.00000,             0.00000,1,        112090.00000,      44387640.00000,            15.90000,           151.11360,           245.47710,         97208.93000,         20000.00000,            15.90000,           151.11360,             0.00000,             0.00000,             1.00000,1,        105090.00000,      41615640.00000,            15.90000,           151.11360,           230.14710,         91138.25000,            84.10000,1,             4.10000,          1623.60000,             4.10000,            38.96640,             0.00000,0,1,             0.00000,             0.00000,             0.00000,             0.00000,             0.00000,            10.00000,           200.00000,         18811.88000,1,            11.80000,          4672.80000,            11.80000,           112.14720,1,          7000.00000,       2772000.00000,            15.33000,          6070.68000,1,             0.00000,             0.00000,             0.00000,             0.00000
2016-02-01 01:00:00,1,        112090.00000,      47521490.00000,            15.90000,           161.78250,           245.47710,        104072.10000,         20000.00000,            15.90000,           161.78250,             0.00000,             0.00000,1,        112090.00000,      47521490.00000,            15.90000,           161.78250,           245.47710,        104072.10000,         20000.00000,            15.90000,           161.78250,             0.00000,             0.00000,             1.00000,1,        105090.00000,      44553781.00000,            15.90000,           161.78250,           230.14710,         97572.78000,            84.10000,1,             4.10000,          1738.22900,             4.10000,            41.71750,             0.00000,0,1,             0.00000,             0.00000,             0.00000,             0.00000,             0.00000,            10.00000,           200.00000,         18811.88000,1,            11.80000,          5002.70800,            11.80000,           120.06500,1,          7000.00000,       2967708.00000,            15.33000,          6499.28100,1,             0.00000,             0.00000,             0.00000,             0.00000
2016-02-29 00:00:00,1,        112090.00000,      50996280.00000,            15.90000,           173.61210,           245.47710,        111681.90000,         20000.00000,            15.90000,           173.61210,             0.00000,             0.00000,1,        112090.00000,      50996280.00000,            15.90000,           173.61210,           245.47710,        111681.90000,         20000.00000,            15.90000,           173.61210,             0.00000,             0.00000,             1.00000,1,        105090.00000,      47811571.00000,            15.90000,           173.61210,           230.14710,        104707.30000,            84.10000,1,             4.10000,          1865.32900,             4.10000,            44.76790,             0.00000,0,1,             0.00000,             0.00000,             0.00000,             0.00000,             0.00000,            10.00000,           200.00000,         18811.88000,1,            11.80000,          5368.50800,            11.80000,           128.84420,1,          7000.00000,       3184708.00000,            15.33000,          6974.51100,1,             0.00000,             0.00000,             0.00000,             0.00000
2016-03-31 00:00:00,1,        112090.00000,      54358980.00000,            15.90000,           185.06010,           245.47710,        119046.20000,         20000.00000,            15.90000,           185.06010,             0.00000,             0.00000,1,        112090.00000,      54358980.00000,            15.90000,           185.06010,           245.47710,        119046.20000,         20000.00000,            15.90000,           185.06010,             0.00000,             0.00000,             1.00000,1,        105090.00000,      50964271.00000,            15.90000,           185.06010,           230.14710,        111611.80000,            84.10000,1,             4.10000,          1988.32900,             4.10000,            47.71990,             0.00000,0,1,             0.00000,             0.00000,             0.00000,             0.00000,             0.00000,            10.00000,           200.00000,         18811.88000,1,            11.80000,          5722.50800,            11.80000,           137.34020,1,          7000.00000,       3394708.00000,            15.33000,          7434.41100,1,             0.00000,             0.00000,             0.00000,             0.00000
2016-04-30 00:00:00,1,        112090.00000,      57833770.00000,            15.90000,           196.88970,           245.47710,        126656.00000,         20000.00000,            15.90000,           196.88970,             0.00000,             0.00000,1,        112090.00000,      57833770.00000,            15.90000,           196.88970,           245.47710,        126656.00000,         20000.00000,            15.90000,           196.88970,             0.00000,             0.00000,             1.00000,1,        105090.00000,      54222061.00000,            15.90000,           196.88970,           230.14710,        118746.30000,            84.10000,1,             4.10000,          2115.42900,             4.10000,            50.77030,             0.00000,0,1,             0.00000,             0.00000,             0.00000,             0.00000,             0.00000,            10.00000,           200.00000,         18811.88000,1,            11.80000,          6088.30800,            11.80000,           146.11940,1,          7000.00000,       3611708.00000,            15.33000,          7909.64100,1,             0.00000,             0.00000,             0.00000,             0.00000
2016-05-31 00:00:00,1,        112090.00000,      61196470.00000,            15.90000,           208.33770,           245.47710,        134020.30000,         20000.00000,            15.90000,           208.33770,             0.00000,             0.00000,1,        112090.00000,      61196470.00000,            15.90000,           208.33770,           245.47710,        134020.30000,         20000.00000,            15.90000,           208.33770,             0.00000,             0.00000,             1.00000,1,        105090.00000,      57374761.00000,            15.90000,           208.33770,           230.14710,        125650.70000,            84.10000,1,             4.10000,          2238.42900,             4.10000,            53.72230,             0.00000,0,1,             0.00000,             0.00000,             0.00000,             0.00000,             0.00000,            10.00000,           200.00000,         18811.88000,1,            11.80000,          6442.30800,            11.80000,           154.61540,1,          7000.00000,       3821708.00000,            15.33000,          8369.54100,1,             0.00000,             0.00000,             0.00000,             0.00000
2016-06-30 00:00:00,1,        112090.00000,      64671260.00000,            15.90000,           220.16730,           245.47710,        141630.10000,         20000.00000,            15.90000,           220.16730,             0.00000,             0.00000,1,        112090.00000,      64671260.00000,            15.90000,           220.16730,           245.47710,        141630.10000,         20000.00000,            15.90000,           220.16730,             0.00000,             0.00000,             1.00000,1,        105090.00000,      60632551.00000,            15.90000,           220.16730,           230.14710,        132785.30000,            84.10000,1,             4.10000,          2365.52900,             4.10000,            56.77270,             0.00000,0,1,             0.00000,             0.00000,             0.00000,             0.00000,             0.00000,            10.00000,           200.00000,         18811.88000,1,            11.80000,          6808.10800,            11.80000,           163.39460,1,          7000.00000,       4038708.00000,            15.33000,          8844.77100,1,             0.00000,             0.00000,             0.00000,             0.00000
2016-07-31 00:00:00,1,        112090.00000,      68146050.00000,            15.90000,           231.99690,           245.47710,        149239.80000,         20000.00000,            15.90000,           231.99690,             0.00000,             0.00000,1,        112090.00000,      68146050.00000,            15.90000,           231.99690,           245.47710,        149239.80000,         20000.00000,            15.90000,           231.99690,             0.00000,             0.00000,             1.00000,1,        105090.00000,      63890341.00000,            15.90000,           231.99690,           230.14710,        139919.80000,            84.10000,1,             4.10000,          2492.62900,             4.10000,            59.82310,             0.00000,0,1,             0.00000,             0.00000,             0.00000,             0.00000,             0.00000,            10.00000,           200.00000,         18811.88000,1,            11.80000,          7173.90800,            11.80000,           172.17380,1,          7000.00000,       4255708.00000,            15.33000,          9320.00100,1,             0.00000,             0.00000,             0.00000,             0.00000
2016-08-31 00:00:00,1,        112090.00000,      71508750.00000,            15.90000,           243.44490,           245.47710,        156604.20000,         20000.00000,            15.90000,           243.44490,             0.00000,             0.00000,1,        112090.00000,      71508750.00000,            15.90000,           243.44490,           245.47710,        156604.20000,         20000.00000,            15.90000,           243.44490,             0.00000,             0.00000,             1.00000,1,        105090.00000,      67043041.00000,            15.90000,           243.44490,           230.14710,        146824.30000,            84.10000,1,             4.10000,          2615.62900,             4.10000,            62.77510,             0.00000,0,1,             0.00000,             0.00000,             0.00000,             0.00000,             0.00000,            10.00000,           200.00000,         18811.88000,1,            11.80000,          7527.90800,            11.80000,           180.66980,1,          7000.00000,       4465708.00000,            15.33000,          9779.90100,1,             0.00000,             0.00000,             0.00000,             0.00000
2016-09-30 00:00:00,1,        112090.00000,      74988210.00000,            15.90000,           255.29040,           245.47710,        164224.20000,         20000.00000,            15.90000,           255.29040,             0.00000,             0.00000,1,        112090.00000,      74988210.00000,            15.90000,           255.29040,           245.47710,        164224.20000,         20000.00000,            15.90000,           255.29040,             0.00000,             0.00000,             1.00000,1,        105090.00000,      70305210.00000,            15.90000,           255.29040,           230.14710,        153968.40000,            84.10000,1,             4.10000,          2742.90000,             4.10000,            65.82960,             0.00000,0,1,             0.00000,             0.00000,             0.00000,             0.00000,             0.00000,            10.00000,           200.00000,         18811.88000,1,            11.80000,          7894.20000,            11.80000,           189.46080,1,          7000.00000,       4683000.00000,            15.33000,         10255.77000,1,             0.00000,             0.00000,             0.00000,             0.00000
2016-10-31 01:00:00,1,        112090.00000,      78350910.00000,            15.90000,           266.73840,           245.47710,        171588.50000,         19999.99000,            15.90000,           266.73840,             0.00000,             0.00000,1,        112090.00000,      78350910.00000,            15.90000,           266.73840,           245.47710,        171588.50000,         19999.99000,            15.90000,           266.73840,             0.00000,             0.00000,             1.00000,1,        105090.00000,      73457910.00000,            15.90000,           266.73840,           230.14710,        160872.80000,            84.10000,1,             4.10000,          2865.90000,             4.10000,            68.78160,             0.00000,0,1,             0.00000,             0.00000,             0.00000,             0.00000,             0.00000,            10.00000,           200.00000,         18811.88000,1,            11.80000,          8248.20000,            11.80000,           197.95680,1,          7000.00000,       4893000.00000,            15.33000,         10715.67000,1,             0.00000,             0.00000,             0.00000,             0.00000
2016-11-30 01:00:00,1,        112090.00000,      81825700.00000,            15.90000,           278.56800,           245.47710,        179198.30000,         20000.00000,            15.90000,           278.56800,             0.00000,             0.00000,1,        112090.00000,      81825700.00000,            15.90000,           278.56800,           245.47710,        179198.30000,         20000.00000,            15.90000,           278.56800,             0.00000,             0.00000,             1.00000,1,        105090.00000,      76715700.00000,            15.90000,           278.56800,           230.14710,        168007.40000,            84.10000,1,             4.10000,          2993.00000,             4.10000,            71.83200,             0.00000,0,1,             0.00000,             0.00000,             0.00000,             0.00000,             0.00000,            10.00000,           200.00000,         18811.88000,1,            11.80000,          8614.00000,            11.80000,           206.73600,1,          7000.00000,       5110000.00000,            15.33000,         11190.90000,1,             0.00000,             0.00000,             0.00000,             0.00000
2016-12-31 01:00:00,1,        112090.00000,      85300490.00000,            15.90000,           290.39760,           245.47710,        186808.10000,         20000.00000,            15.90000,           290.39760,             0.00000,             0.00000,1,        112090.00000,      85300490.00000,            15.90000,           290.39760,           245.47710,        186808.10000,         20000.00000,            15.90000,           290.39760,             0.00000,             0.00000,             1.00000,1,        105090.00000,      79973490.00000,            15.90000,           290.39760,           230.14710,        175141.90000,            84.10000,1,             4.10000,          3120.10000,             4.10000,            74.88240,             0.00000,0,1,             0.00000,             0.00000,             0.00000,             0.00000,             0.00000,            10.00000,           200.00000,         18811.88000,1,            11.80000,          8979.80000,            11.80000,           215.51520,1,          7000.00000,       5327000.00000,            15.33000,         11666.13000,1,             0.00000,             0.00000,             0.00000,             0.00000
2017-01-31 01:00:00,1,        112090.00000,      88434340.00000,            15.90000,           301.06650,           245.47710,        193671.20000,         19999.77000,            15.90000,           301.06650,             0.00000,             0.00000,1,        112090.00000,      88434340.00000,            15.90000,           301.06650,           245.47710,        193671.20000,         19999.77000,            15.90000,           301.06650,             0.00000,             0.00000,             1.00000,1,        105090.00000,      82911631.00000,            15.90000,           301.06650,           230.14710,        181576.50000,            84.10000,1,             4.10000,          3234.72900,             4.10000,            77.63350,             0.00000,0,1,             0.00000,             0.00000,             0.00000,             0.00000,             0.00000,            10.00000,           200.00000,         18811.88000,1,            11.80000,          9309.70800,            11.80000,           223.43300,1,          7000.00000,       5522708.00000,            15.33000,         12094.73000,1,             0.00000,             0.00000,             0.00000,             0.00000
2017-02-28 00:00:00,1,        112090.00000,      91909130.00000,            15.90000,           312.89610,           245.47710,        201281.00000,         20000.00000,            15.90000,           312.89610,             0.00000,             0.00000,1,        112090.00000,      91909130.00000,            15.90000,           312.89610,           245.47710,        201281.00000,         20000.00000,            15.90000,           312.89610,             0.00000,             0.00000,             1.00000,1,        105090.00000,      86169421.00000,            15.90000,           312.89610,           230.14710,        188711.00000,            84.10000,1,             4.10000,          3361.82900,             4.10000,            80.68390,             0.00000,0,1,             0.00000,             0.00000,             0.00000,             0.00000,             0.00000,            10.00000,           200.00000,         18811.88000,1,            11.80000,          9675.50800,            11.80000,           232.21220,1,          7000.00000,       5739708.00000,            15.33000,         12569.96000,1,             0.00000,             0.00000,             0.00000,             0.00000
2017-03-31 00:00:00,1,        112090.00000,      95271830.00000,            15.90000,           324.34410,           245.47710,        208645.30000,         19999.99000,            15.90000,           324.34410,             0.00000,             0.00000,1,        112090.00000,      95271830.00000,            15.90000,           324.34410,           245.47710,        208645.30000,         19999.99000,            15.90000,           324.34410,             0.00000,             0.00000,             1.00000,1,        105090.00000,      89322121.00000,            15.90000,           324.34410,           230.14710,        195615.40000,            84.10000,1,             4.10000,          3484.82900,             4.10000,            83.63590,             0.00000,0,1,             0.00000,             0.00000,             0.00000,             0.00000,             0.00000,            10.00000,           200.00000,         18811.88000,1,            11.80000,         10029.51000,            11.80000,           240.70820,1,          7000.00000,       5949708.00000,            15.33000,         13029.86000,1,             0.00000,             0.00000,             0.00000,             0.00000
2017-04-30 00:00:00,1,        112090.00000,      98746620.00000,            15.90000,           336.17370,           245.47710,        216255.10000,         20000.00000,            15.90000,           336.17370,             0.00000,             0.00000,1,        112090.00000,      98746620.00000,            15.90000,           336.17370,           245.47710,        216255.10000,         20000.00000,            15.90000,           336.17370,             0.00000,             0.00000,             1.00000,1,        105090.00000,      92579911.00000,            15.90000,           336.17370,           230.14710,        202750.00000,            84.10000,1,             4.10000,          3611.92900,             4.10000,            86.68630,             0.00000,0,1,             0.00000,             0.00000,             0.00000,             0.00000,             0.00000,            10.00000,           200.00000,         18811.88000,1,            11.80000,         10395.31000,            11.80000,           249.48740,1,          7000.00000,       6166708.00000,            15.33000,         13505.09000,1,             0.00000,             0.00000,             0.00000,             0.00000
2017-05-31 00:00:00,1,        112090.00000,     102109320.00000,            15.90000,           347.62170,           245.47710,        223619.40000,         20000.00000,            15.90000,           347.62170,             0.00000,             0.00000,1,        112090.00000,     102109320.00000,            15.90000,           347.62170,           245.47710,        223619.40000,         20000.00000,            15.90000,           347.62170,             0.00000,             0.00000,             1.00000,1,        105090.00000,      95732611.00000,            15.90000,           347.62170,           230.14710,        209654.40000,            84.10000,1,             4.10000,          3734.92900,             4.10000,            89.63830,             0.00000,0,1,             0.00000,             0.00000,             0.00000,             0.00000,             0.00000,            10.00000,           200.00000,         18811.88000,1,            11.80000,         10749.31000,            11.80000,           257.98340,1,          7000.00000,       6376708.00000,            15.33000,         13964.99000,1,             0.00000,             0.00000,             0.00000,             0.00000
2017-06-30 00:00:00,1,        112090.00000,     105584110.00000,            15.90000,           359.45130,           245.47710,        231229.20000,         20000.00000,            15.90000,           359.45130,             0.00000,             0.00000,1,        112090.00000,     105584110.00000,            15.90000,           359.45130,           245.47710,        231229.20000,         20000.00000,            15.90000,           359.45130,             0.00000,             0.00000,             1.00000,1,        105090.00000,      98990401.00000,            15.90000,           359.45130,           230.14710,        216789.00000,            84.10000,1,             4.10000,          3862.02900,             4.10000,            92.68870,             0.00000,0,1,             0.00000,             0.00000,             0.00000,             0.00000,             0.00000,            10.00000,           200.00000,         18811.88000,1,            11.80000,         11115.11000,            11.80000,           266.76260,1,          7000.00000,       6593708.00000,            15.33000,         14440.22000,1,             0.00000,             0.00000,             0.00000,             0.00000
2017-07-31 00:00:00,1,        112090.00000,     109058900.00000,            15.90000,           371.28090,           245.47710,        238839.00000,         20000.00000,            15.90000,           371.28090,             0.00000,             0.00000,1,        112090.00000,     109058900.00000,            15.90000,           371.28090,           245.47710,        238839.00000,         20000.00000,            15.90000,           371.28090,             0.00000,             0.00000,             1.00000,1,        105090.00000,     102248191.00000,            15.90000,           371.28090,           230.14710,        223923.50000,            84.10000,1,             4.10000,          3989.12900,             4.10000,            95.73910,             0.00000,0,1,             0.00000,             0.00000,             0.00000,             0.00000,             0.00000,            10.00000,           200.00000,         18811.88000,1,            11.80000,         11480.91000,            11.80000,           275.54180,1,          7000.00000,       6810708.00000,            15.33000,         14915.45000,1,             0.00000,             0.00000,             0.00000,             0.00000
2017-08-31 00:00:00,1,        112090.00000,     112421600.00000,            15.90000,           382.72890,           245.47710,        246203.30000,         19621.73000,            15.90000,           382.72890,             0.00000,             0.00000,1,        112090.00000,     112421600.00000,            15.90000,           382.72890,           245.47710,        246203.30000,         19621.73000,            15.90000,           382.72890,             0.00000,             0.00000,             1.00000,1,        105090.00000,     105400891.00000,            15.90000,           382.72890,           230.14710,        230828.00000,            84.10000,1,             4.10000,          4112.12900,             4.10000,            98.69110,             0.00000,0,1,             0.00000,             0.00000,             0.00000,             0.00000,             0.00000,            10.00000,           200.00000,         18811.88000,1,            11.80000,         11834.91000,            11.80000,           284.03780,1,          7000.00000,       7020708.00000,            15.33000,         15375.35000,1,             0.00000,             0.00000,             0.00000,             0.00000
2017-09-30 00:00:00,1,        112090.00000,     115901060.00000,            15.90000,           394.57440,           245.47710,        253823.30000,         18806.99000,            15.90000,           394.57440,             0.00000,             0.00000,1,        112090.00000,     115901060.00000,            15.90000,           394.57440,           245.47710,        253823.30000,         18806.99000,            15.90000,           394.57440,             0.00000,             0.00000,             1.00000,1,        105090.00000,     108663060.00000,            15.90000,           394.57440,           230.14710,        237972.10000,            84.10000,1,             4.10000,          4239.40000,             4.10000,           101.74560,             0.00000,0,1,             0.00000,             0.00000,             0.00000,             0.00000,             0.00000,            10.00000,           200.00000,         18811.88000,1,            11.80000,         12201.20000,            11.80000,           292.82880,1,          7000.00000,       7238000.00000,            15.33000,         15851.22000,1,             0.00000,             0.00000,             0.00000,             0.00000
2017-10-31 01:00:00,1,        112090.00000,     119263760.00000,            15.90000,           406.02240,           245.47710,        261187.60000,         18120.77000,            15.90000,           406.02240,             0.00000,             0.00000,1,        112090.00000,     119263760.00000,            15.90000,           406.02240,           245.47710,        261187.60000,         18120.77000,            15.90000,           406.02240,             0.00000,             0.00000,             1.00000,1,        105090.00000,     111815760.00000,            15.90000,           406.02240,           230.14710,        244876.50000,            84.10000,1,             4.10000,          4362.40000,             4.10000,           104.69760,             0.00000,0,1,             0.00000,             0.00000,             0.00000,             0.00000,             0.00000,            10.00000,           200.00000,         18811.88000,1,            11.80000,         12555.20000,            11.80000,           301.32480,1,          7000.00000,       7448000.00000,            15.33000,         16311.12000,1,             0.00000,             0.00000,             0.00000,             0.00000
2017-11-30 01:00:00,1,        112090.00000,     122738550.00000,            15.90000,           417.85200,           245.47710,        268797.40000,         17441.20000,            15.90000,           417.85200,             0.00000,             0.00000,1,        112090.00000,     122738550.00000,            15.90000,           417.85200,           245.47710,        268797.40000,         17441.20000,            15.90000,           417.85200,             0.00000,             0.00000,             1.00000,1,        105090.00000,     115073550.00000,            15.90000,           417.85200,           230.14710,        252011.10000,            84.10000,1,             4.10000,          4489.50000,             4.10000,           107.74800,             0.00000,0,1,             0.00000,             0.00000,             0.00000,             0.00000,             0.00000,            10.00000,           200.00000,         18811.88000,1,            11.80000,         12921.00000,            11.80000,           310.10400,1,          7000.00000,       7665000.00000,            15.33000,         16786.35000,1,             0.00000,             0.00000,             0.00000,             0.00000
2017-12-31 01:00:00,1,        112090.00000,     126213340.00000,            15.90000,           429.68160,           245.47710,        276407.20000,         16815.32000,            15.90000,           429.68160,             0.00000,             0.00000,1,        112090.00000,     126213340.00000,            15.90000,           429.68160,           245.47710,        276407.20000,         16815.32000,            15.90000,           429.68160,             0.00000,             0.00000,             1.00000,1,        105090.00000,     118331340.00000,            15.90000,           429.68160,           230.14710,        259145.60000,            84.10000,1,             4.10000,          4616.60000,             4.10000,           110.79840,             0.00000,0,1,             0.00000,             0.00000,             0.00000,             0.00000,             0.00000,            10.00000,           200.00000,         18811.88000,1,            11.80000,         13286.80000,            11.80000,           318.88320,1,          7000.00000,       7882000.00000,            15.33000,         17261.58000,1,             0.00000,             0.00000,             0.00000,             0.00000
2018-01-31 01:00:00,1,        112090.00000,     129347190.00000,            15.90000,           440.35050,           245.47710,        283270.30000,         16310.36000,            15.90000,           440.35050,             0.00000,             0.00000,1,        112090.00000,     129347190.00000,            15.90000,           440.35050,           245.47710,        283270.30000,         16310.36000,            15.90000,           440.35050,             0.00000,             0.00000,             1.00000,1,        105090.00000,     121269481.00000,            15.90000,           440.35050,           230.14710,        265580.20000,            84.10000,1,             4.10000,          4731.22900,             4.10000,           113.54950,             0.00000,0,1,             0.00000,             0.00000,             0.00000,             0.00000,             0.00000,            10.00000,           200.00000,         18811.88000,1,            11.80000,         13616.71000,            11.80000,           326.80100,1,          7000.00000,       8077708.00000,            15.33000,         17690.18000,1,             0.00000,             0.00000,             0.00000,             0.00000
2018-02-28 00:00:00,1,        112090.00000,     132821980.00000,            15.90000,           452.18010,           245.47710,        290880.10000,         15800.81000,            15.90000,           452.18010,             0.00000,             0.00000,1,        112090.00000,     132821980.00000,            15.90000,           452.18010,           245.47710,        290880.10000,         15800.81000,            15.90000,           452.18010,             0.00000,             0.00000,             1.00000,1,        105090.00000,     124527271.00000,            15.90000,           452.18010,           230.14710,        272714.70000,            84.10000,1,             4.10000,          4858.32900,             4.10000,           116.59990,             0.00000,0,1,             0.00000,             0.00000,             0.00000,             0.00000,             0.00000,            10.00000,           200.00000,         18811.88000,1,            11.80000,         13982.51000,            11.80000,           335.58020,1,          7000.00000,       8294708.00000,            15.33000,         18165.41000,1,             0.00000,             0.00000,             0.00000,             0.00000
